Id,Text,Audio
5d198c8c4fd14813d9f47b82,"
I learned some of the more advanced aspects of JavaScript just recently",myFiles_1561958289067
5d198c8c4fd14813d9f47b72," JavaScript on the server, how cool is that?
You decided that it’s about time to check out the old, new JavaScript",myFiles_1561958289072
5d198c8c4fd14813d9f47b7a," But documentation alone sometimes isn’t
enough",myFiles_1561958851462
5d198c8c4fd14813d9f47b79,"
There is, of course, excellent documentation out there",myFiles_1561958851475
5d198c8c4fd14813d9f47b82,"
I learned some of the more advanced aspects of JavaScript just recently",myFiles_1562040091815
